"rownum"	"etternavn"	"fornavn"	"mellomnavn"	"gatenavn"	"husnr"	"bokstav"	"postnr"	"poststed"
"1"	"WARD"	"THOMAS JEFFREY"	""	"SIRISKJERET"	"6"	""	"4014"	"STAVANGER"
"2"	"SOLHEIM"	"TORE"	""	"FERNANDA NISSENS GATE"	"4"	"A"	"0484"	"OSLO"
"3"	"MAHMUD"	"AMONA SALEH"	""	"SLALÅMBAKKEN"	"5"	"C"	"1598"	"MOSS"
"4"	"SIMENSEN"	"MAI ELIN"	""	"JØRGEN HEGSTADS VEG"	"8"	"C"	"7089"	"HEIMDAL"
"5"	"HAACK"	"MARITA"	""	"TOMTERSTUBBEN"	"3"	"B"	"2080"	"EIDSVOLL"
"6"	"HERLOFSEN"	"BJØRN"	""	"FERNANDA NISSENS GATE"	"4"	"A"	"0484"	"OSLO"
"7"	"PETTERSON"	"ALBIN"	""	"THORVALD MEYERS GATE"	"53"	""	"0555"	"OSLO"
"8"	"MALIKOWSKA"	"MARTA"	""	"THORVALD MEYERS GATE"	"53"	""	"0555"	"OSLO"
"9"	"SOLBERG"	"PETTER"	""	"KINGOS GATE"	"8"	""	"0457"	"OSLO"
"10"	"FALKUM"	"AURORA"	""	"PAULEN"	"1"	""	"4625"	"FLEKKERØY"
"11"	"SIRKO"	"ANDRSZEJ"	""	"JÆRVEIEN"	"209"	"B"	"4321"	"SANDNES"
"12"	"JOHANSSON"	"SOINTU"	""	"GRANHAUGSVINGEN"	"21"	"B"	"2070"	"RÅHOLT"
"13"	"BERG"	"MIKAEL"	""	"KINGOS GATE"	"8"	""	"0457"	"OSLO"
"14"	"FALKUM"	"TOMAS"	""	"PAULEN"	"1"	""	"4625"	"FLEKKERØY"
"15"	"HELIN"	"MARCO"	""	"GRANHAUGSVINGEN"	"21"	"B"	"2070"	"RÅHOLT"
"16"	"XU"	"MING CHAO"	""	"FREDENSBORGVEIEN"	"43"	""	"0177"	"OSLO"
"17"	"PRISZCZEK"	"RYZARD"	""	"HATTEMAKER KNUDSENS V."	"5"	"A"	"3513"	"HØNEFOSS"
"18"	"KARLING"	"JULIANE"	""	"KINGOS GATE"	"8"	""	"0457"	"OSLO"
"19"	"HAAGEIM-KNUDSEN"	"ROY-OVE"	""	"ØVRE FYLLINGSVEIEN"	"125"	""	"5146"	"FYLLINGSDALEN"
"20"	"HANSEN"	"MALIN"	""	"PAULEN"	"1"	""	"4625"	"FLEKKERØY"
"21"	"KVINLAUG"	"MILAEL N."	""	"RASMUS RISAS GATE"	"16"	""	"4015"	"STAVANGER"
"22"	"OMDAHL"	"BETSY"	""	"ÅRSTADVEIEN"	"3"	""	"4380"	"HAUGE I DALANE"
"23"	"ALALO"	"IMAD"	""	"HØGÅSVEIEN"	"48"	""	"1259"	"OSLO"
"24"	"BAAK"	"SEBASTIAN"	""	"PAULEN"	"24"	""	"4625"	"FLEKKERØY"
"25"	"ALALO"	"MOHAMAD ALI"	""	"HØGÅSVEIEN"	"48"	""	"1259"	"OSLO"
"26"	"HOVLAND"	"KLAS"	""	"HATTEMAKER KNUDSENS V."	"3"	"B"	"3513"	"HØNEFOSS"
"27"	"MOHAMMED"	"ASIHA ALI"	""	"SETERBRÅTVEIEN"	"75"	""	"1271"	"OSLO"
"28"	"MULUMBA"	"YUSUF"	""	"SØJORDET"	"28"	""	"2072"	"DAL"
"29"	"OLIVERSEN"	"HÅVARD"	""	"DAMSGÅRDSVEIEN"	"213"	""	"5160"	"LAKSEVÅG"
"30"	"MOUTOU"	"GURAYA"	""	"MINA BEITEPLUKKSVEI"	"151"	"J"	"1272"	"OSLO"
"31"	"STANBRA"	"STEWART"	""	"THORVALD MEYERS GATE"	"78"	"C"	"0550"	"OSLO"
"32"	"BRÅTEN"	"DARA"	""	"FREDENSBORGVEIEN"	"41"	"B"	"0177"	"OSLO"
"33"	"TYSVÆR"	"BERIT SYNNØVE"	""	"SOLVANGVEGEN"	"35"	""	"5519"	"HAUGESUND"
"34"	"ALSTAD JOHANSEN"	"INGER"	""	"VÅGSBYGDVEIEN"	"30"	""	"4621"	"KRISTIANSAND S"
"35"	"JOHANSEN"	"PETTER"	""	"VÅGSBYGDVEIEN"	"30"	""	"4621"	"KRISTIANSAND S"
"36"	"ENGELSVOLL"	"INGVAR"	""	"BRATTLANDSPLASSEN"	"6"	""	"4360"	"VARHAUG"
"37"	"NGUYEN"	"JENNY"	""	"SØNDERHELLENE"	"6"	""	"3404"	"LIER"
"38"	"MEZHUIEV"	"ANTON"	""	"KYRKJEVEGEN"	"396"	""	"6040"	"VIGRA"
"39"	"MEZHUIEVA"	"ANTONINA"	""	"KYRKJEVEGEN"	"396"	""	"6040"	"VIGRA"
"40"	"PRYTZ"	"YVONNE"	""	"LILLEAKERVEIEN"	"43"	"C"	"0284"	"OSLO"
"41"	"PRYTZ"	"JEANETTE"	""	"LILLEAKERVEIEN"	"43"	"C"	"0284"	"OSLO"
"42"	"HÅLAND"	"ENEVALD"	"B"	"ÆVESTVOLLMARKA"	"34"	""	"4360"	"VARHAUG"
"43"	"PIROOZ"	"SOHBA"	""	"MINA BEITEPLUKKSVEI"	"151"	"D"	"1272"	"OSLO"
"44"	"KVALVIK"	"LISA MARI"	""	"GRANLIA"	"7"	"A"	"4620"	"KRISTIANSAND S"
"45"	"MODAL"	"JESPER"	""	"KIRSTEN FLAGSTADS VEI"	"111"	"B"	"4621"	"KRISTIANSAND S"
"46"	"VENTURA"	"MARIA"	"BIDE GONZALES"	"SVAENE"	"97"	""	"5306"	"ERDAL"
"47"	"MORAIS"	"IVO"	""	"LILLEAKERVEIEN"	"43"	"C"	"0284"	"OSLO"
"48"	"KOPER"	"ANGELICA"	""	"KNAPPENVEIEN"	"19"	""	"5151"	"STRAUMSGREND"
"49"	"THOMASSEN"	"TROND ØYSTEIN"	"S"	"RAVNEDALSVEIEN"	"3"	""	"4616"	"KRISTIANSAND S"
"50"	"ELLEFSEN"	"ULF"	""	"SØNDERHELLENE"	"2"	"P"	"3404"	"LIER"
"51"	"SKOMINAS"	"KAROLIS"	""	"HØG-JÆREN"	"130"	""	"4360"	"VARHAUG"
"52"	"EINARSEN"	"KENNETH"	""	"IDRETTSVEGEN"	"14"	""	"4270"	"ÅKREHAMN"
"53"	"EINARSEN"	"CHRIS ALEXANDER"	""	"IDRETTSVEGEN"	"14"	""	"4270"	"ÅKREHAMN"
"54"	"EINARSEN"	"ANNA"	""	"IDRETTSVEGEN"	"14"	""	"4270"	"ÅKREHAMN"
"55"	"SHRESTHA"	"SUJAN"	""	"SMALGANGEN"	"11"	""	"0188"	"OSLO"
"56"	"SHRESTHA"	"BIANY"	""	"SMALGANGEN"	"11"	""	"0188"	"OSLO"
"57"	"PARDEEP"	"TAJINDER"	""	"FREDERIK STANGS GATE"	"2"	"A"	"0272"	"OSLO"
"58"	"VALEUR"	"TROND"	""	"FREDERIK STANGS GATE"	"2"	"A"	"0272"	"OSLO"
"59"	"SHALAN"	"DAKHEL QADRIA"	""	"TØYENBEKKEN"	"3"	""	"0188"	"OSLO"
"60"	"ENOCSON"	"ÅSA"	""	"GAMLE ÅDALSVEI"	"34"	""	"3525"	"HALLINGBY"
"61"	"AIYAD"	"ZAHRAA"	""	"TØYENBEKKEN"	"3"	""	"0188"	"OSLO"
"62"	"HOMME"	"KJELL"	""	"SONGDALSVEGEN"	"268"	""	"4645"	"NODELAND"
"63"	"SVENNEVIK"	"KARL OLAF EGGUM"	""	"KIRSTEN FLAGSTADS VEI"	"69"	"B"	"4621"	"KRISTIANSAND S"
"64"	"LUTKEN"	"EIRIK"	""	"PRINSDALSFARET"	"8"	"C"	"1262"	"OSLO"
"65"	"SVENNEVIK"	"SIGVARD EGGUM"	""	"KIRSTEN FLAGSTADS VEI"	"69"	"B"	"4621"	"KRISTIANSAND S"
"66"	"LUTKEN"	"ALEXANDER"	""	"PRINSDALSFARET"	"8"	"C"	"1262"	"OSLO"
"67"	"LUTKEN"	"ALEXANDER"	""	"PRINSDALSFARET"	"8"	"C"	"1262"	"OSLO"
"68"	"JOHANSEN"	"SIMEN"	""	"EILERT SUNDTS GATE"	"48"	"C"	"0355"	"OSLO"
"69"	"HANSEN"	"FRIDA"	""	"TÆRUDVEGEN"	"159"	"A"	"2074"	"EIDSVOLL VERK"
"70"	"SØBERG"	"ALEXANDER"	""	"STALLERUDVEIEN"	"119"	""	"0693"	"OSLO"
"71"	"EIDE"	"KRISTOFFER OLAV"	""	"KAPSTØVEIEN"	"46"	""	"8056"	"SALTSTRAUMEN"
"72"	"KARLSEN"	"TROND EINAR"	""	"EILERT SUNDTS GATE"	"48"	"C"	"0355"	"OSLO"
"73"	"ASPERHEIM"	"LAILA"	""	"ALBATROSSVEIEN"	"5"	"B"	"8480"	"ANDENES"
"74"	"FELKEL"	"MONIKA MAGDALENA"	""	"IDAS VEI"	"23"	""	"0981"	"OSLO"
"75"	"BJØRNSGÅRD"	"KÅRE"	""	"GYDAS VEI"	"22"	""	"0363"	"OSLO"
"76"	"CHENAL"	"NAMIK"	"SAID"	"KINGOS GATE"	"8"	""	"0457"	"OSLO"
"77"	"BREKKE"	"OLE ALEXANDER"	""	"KINGOS GATE"	"8"	""	"0457"	"OSLO"
"78"	"EIKLAND"	"THOR STIAN"	""	"KINGOS GATE"	"8"	""	"0457"	"OSLO"
"79"	"MOLAUG"	"RAGNHILD"	""	"HELGESENS GATE"	"42"	"E"	"0553"	"OSLO"
"80"	"NELSON"	"TERRAZAS"	""	"FOLKE BERNADOTTES GATE"	"33"	""	"1511"	"MOSS"
"81"	"ABDULLA"	"SAIDI ALLI"	""	"STALLERUDVEIEN"	"121"	""	"0693"	"OSLO"
"82"	"HERJE"	"NICOLAY HERJE"	""	"HELGESENS GATE"	"42"	"E"	"0553"	"OSLO"
"83"	"GJERTSEN"	"AUDHILD ROGNERUD"	""	"LARSGÅRDSVEGEN"	"41"	""	"6009"	"ÅLESUND"
"84"	"GJERTSEN"	"STIAN ROGNERUD"	""	"LARSGÅRDSVEGEN"	"41"	""	"6009"	"ÅLESUND"
"85"	"SILDEN"	"VERONIKA"	""	"LARSGÅRDSVEGEN"	"78"	""	"6009"	"ÅLESUND"
"86"	"STEFANSSON"	"GUNNAR"	""	"LARSGÅRDSVEGEN"	"84"	""	"6009"	"ÅLESUND"
"87"	"STEFANSSON"	"GUNNAR"	""	"LARSGÅRDSVEGEN"	"84"	""	"6009"	"ÅLESUND"
"88"	"STEFANSSON"	"GUNNAR"	""	"LARSGÅRDSVEGEN"	"84"	""	"6009"	"ÅLESUND"
"89"	"PETTERSEN"	"EILIN"	""	"JERNALDERVEIEN"	"53"	"B"	"4041"	"HAFRSFJORD"
"90"	"ANDERSEN"	"ANDREAS"	"VIKSE"	"JERNALDERVEIEN"	"53"	"B"	"4041"	"HAFRSFJORD"
"91"	"VESTLY FRIESTAD"	"ANE"	""	"KVIHOLEN"	"49"	""	"4365"	"NÆRBØ"
"92"	"KORNELIUSSEN"	"MARKUS"	""	"HAMMERVEIEN"	"5"	""	"8626"	"MO I RANA"
"93"	"EIDE-HANSEN"	"OLE"	""	"VARDANE"	"101"	""	"5306"	"ERDAL"
"94"	"ASLAKSEN"	"OLVE"	"STRØM"	"KINGOS GATE"	"8"	""	"0457"	"OSLO"
"95"	"TOFTING"	"SHIBA"	""	"STRAUMESVINGEN"	"18"	"B"	"5151"	"STRAUMSGREND"
"96"	"ANDERSEN"	"SNORRE"	""	"ULFSTENS GATE"	"1"	"A"	"0355"	"OSLO"
"97"	"HOVLAND"	"JANNE"	""	"FRYDENLUNDSVEIEN"	"9"	""	"4631"	"KRISTIANSAND S"
"98"	"BENDIXEN"	"JULIE"	""	"EINARVIKGATA"	"7"	""	"6002"	"ÅLESUND"
"99"	"OVERHOLTH"	"ØRJAN"	""	"YTTERNESSET"	"164"	""	"7607"	"LEVANGER"
"100"	"TOFTING"	"FRED OWE"	""	"STRAUMESVINGEN"	"18"	"B"	"5151"	"STRAUMSGREND"